﻿"Cube Title","Product Id","CANSIM Id",URL,"Cube Notes","Archive Status",Frequency,"Start Reference Period","End Reference Period","Total number of dimensions"
"Asthma, by age group and sex, household population aged 12 and over, Canada, provinces, territories, health regions (June 2003 boundaries) and peer groups",13100603,105-0201,"https://www150.statcan.gc.ca/t1/tbl1/en/tv.action?pid=1310060301",1;2;6;7;8;9;15,"ARCHIVED -  a cube publicly available but no longer being updated","Every 2 years",2003-01-01,2003-01-01,5

"Dimension ID","Dimension name","Dimension Notes","Dimension Definitions"
1,Geography,6;7;8;9,
2,"Age group",,
3,Sex,,
4,Asthma,2,
5,Characteristics,3;4;5;14,

"Dimension ID","Member Name","Classification Code","Member ID","Parent Member ID",Terminated,"Member Notes","Member Definitions"
1,Canada,00,1,,,,
1,"Newfoundland and Labrador",10,2,1,,,
1,"Health and Community Services St. John's Region, Newfoundland and Labrador",1001-A,3,2,,,
1,"Health and Community Services Eastern Region, Newfoundland and Labrador",1002-I,4,2,,,
1,"Health and Community Services Central Region, Newfoundland and Labrador",1003-I,5,2,,,
1,"Health and Community Services Western Region, Newfoundland and Labrador",1004-I,6,2,,,
1,"Grenfell Regional Health Services Board, Newfoundland and Labrador",1005-I,7,2,,,
1,"Health Labrador Corporation, Newfoundland and Labrador",1006-H,8,2,,,
1,"Prince Edward Island",11,9,1,,,
1,"West Prince, Prince Edward Island",1101-I,10,9,,,
1,"East Prince, Prince Edward Island",1102-C,11,9,,,
1,"Queens, Prince Edward Island",1103-A,12,9,,,
1,"Kings, Prince Edward Island",1104-D,13,9,,,
1,"Nova Scotia",12,14,1,,6,
1,"Zone 1, Nova Scotia",1201-C,15,14,,,
1,"Zone 2, Nova Scotia",1202-C,16,14,,,
1,"Zone 3, Nova Scotia",1203-C,17,14,,,
1,"Zone 4, Nova Scotia",1204-C,18,14,,,
1,"Zone 5, Nova Scotia",1205-I,19,14,,,
1,"Zone 6, Nova Scotia",1206-A,20,14,,,
1,"New Brunswick",13,21,1,,,
1,"Region 1, New Brunswick",1301-C,22,21,,,
1,"Region 2, New Brunswick",1302-C,23,21,,,
1,"Region 3, New Brunswick",1303-C,24,21,,,
1,"Region 4, New Brunswick",1304-C,25,21,,,
1,"Region 5, New Brunswick",1305-I,26,21,,,
1,"Region 6, New Brunswick",1306-I,27,21,,,
1,"Region 7, New Brunswick",1307-I,28,21,,,
1,Quebec,24,29,1,,,
1,"Région du Bas-Saint-Laurent, Quebec",2401-C,30,29,,,
1,"Région du Saguenay - Lac-Saint-Jean, Quebec",2402-C,31,29,,,
1,"Région de Québec, Quebec",2403-A,32,29,,,
1,"Région de la Mauricie et du Centre-du-Québec, Quebec",2404-C,33,29,,,
1,"Région de l'Estrie, Quebec",2405-C,34,29,,,
1,"Région de Montréal-Centre, Quebec",2406-G,35,29,,,
1,"Région de l'Outaouais, Quebec",2407-A,36,29,,,
1,"Région de l'Abitibi-Témiscamingue, Quebec",2408-C,37,29,,,
1,"Région de la Côte-Nord, Quebec",2409-H,38,29,,,
1,"Région du Nord-du-Québec, Quebec",2410-H,39,29,,,
1,"Région de la Gaspésie - Îles-de-la-Madeleine, Quebec",2411-I,40,29,,,
1,"Région de la Chaudière-Appalaches, Quebec",2412-E,41,29,,,
1,"Région de Laval, Quebec",2413-A,42,29,,,
1,"Région de Lanaudière, Quebec",2414-E,43,29,,,
1,"Région des Laurentides, Quebec",2415-E,44,29,,,
1,"Région de la Montérégie, Quebec",2416-A,45,29,,,
1,"Région du Nunavik, Quebec",2417-F,46,29,,,
1,"Région des Terres-Cries-de-la-Baie-James, Quebec",2418-F,47,29,,,
1,"Ontario by District Health Council",35,48,1,,10,
1,"Champlain District Health Council, Ontario",3501,49,48,,,
1,"Southeastern Ontario District Health Council, Ontario",3502,50,48,,,
1,"Durham-Haliburton-Kawartha and Pine Ridge District Health Council, Ontario",3503,51,48,,,
1,"Toronto District Health Council, Ontario",3504,52,48,,,
1,"Simcoe York District Health Council, Ontario",3505,53,48,,,
1,"Halton-Peel District Health Council, Ontario",3506,54,48,,,
1,"Waterloo Region-Wellington-Dufferin District Health Council, Ontario",3507,55,48,,,
1,"Hamilton District Health Council, Ontario",3508,56,48,,,
1,"Niagara District Health Council, Ontario",3509,57,48,,,
1,"Grand River District Health Council, Ontario",3510,58,48,,,
1,"Thames Valley District Health Council, Ontario",3511,59,48,,,
1,"Essex-Kent and Lambton District Health Council, Ontario",3512,60,48,,,
1,"Grey Bruce Huron Perth District Health Council, Ontario",3513,61,48,,,
1,"Northern Shores District Health Council, Ontario",3514,62,48,,,
1,"Algoma-Cochrane-Manitoulin and Sudbury District Health Council, Ontario",3515,63,48,,,
1,"Northwestern Ontario District Health Council, Ontario",3516,64,48,,,
1,"Ontario by Health Unit",35,65,1,,10,
1,"District of Algoma Health Unit, Ontario",3526-C,66,65,,,
1,"Brant County Health Unit, Ontario",3527-A,67,65,,,
1,"Durham Regional Health Unit, Ontario",3530-B,68,65,,,
1,"Elgin-St Thomas Health Unit, Ontario",3531-E,69,65,,,
1,"Grey Bruce Health Unit, Ontario",3533-E,70,65,,,
1,"Haldimand-Norfolk Health Unit, Ontario",3534-E,71,65,,,
1,"Haliburton, Kawartha, Pine Ridge District Health Unit, Ontario",3535-E,72,65,,,
1,"Halton Regional Health Unit, Ontario",3536-B,73,65,,,
1,"City of Hamilton Health Unit, Ontario",3537-A,74,65,,,
1,"Hastings and Prince Edward Counties Health Unit, Ontario",3538-A,75,65,,,
1,"Huron County Health Unit, Ontario",3539-E,76,65,,,
1,"Chatham-Kent Health Unit, Ontario",3540-A,77,65,,,
1,"Kingston, Frontenac and Lennox and Addington Health Unit, Ontario",3541-A,78,65,,,
1,"Lambton Health Unit, Ontario",3542-A,79,65,,,
1,"Leeds, Grenville and Lanark District Health Unit, Ontario",3543-E,80,65,,,
1,"Middlesex-London Health Unit, Ontario",3544-A,81,65,,,
1,"Muskoka-Parry Sound Health Unit, Ontario",3545-E,82,65,,,
1,"Niagara Regional Area Health Unit, Ontario",3546-A,83,65,,,
1,"North Bay and District Health Unit, Ontario",3547-C,84,65,,,
1,"Northwestern Health Unit, Ontario",3549-H,85,65,,,
1,"City of Ottawa Health Unit, Ontario",3551-B,86,65,,,
1,"Oxford County Health Unit, Ontario",3552-E,87,65,,,
1,"Peel Regional Health Unit, Ontario",3553-B,88,65,,,
1,"Perth District Health Unit, Ontario",3554-E,89,65,,,
1,"Peterborough County-City Health Unit, Ontario",3555-A,90,65,,,
1,"Porcupine Health Unit, Ontario",3556-H,91,65,,,
1,"Renfrew County and District Health Unit, Ontario",3557-E,92,65,,,
1,"Eastern Ontario Health Unit, Ontario",3558-E,93,65,,,
1,"Simcoe County District Health Unit, Ontario",3560-E,94,65,,,
1,"Sudbury and District Health Unit, Ontario",3561-C,95,65,,,
1,"Thunder Bay District Health Unit, Ontario",3562-C,96,65,,,
1,"Timiskaming Health Unit, Ontario",3563-C,97,65,,,
1,"Waterloo Health Unit, Ontario",3565-B,98,65,,,
1,"Wellington-Dufferin-Guelph Health Unit, Ontario",3566-B,99,65,,,
1,"Windsor-Essex County Health Unit, Ontario",3568-B,100,65,,,
1,"York Regional Health Unit, Ontario",3570-B,101,65,,,
1,"City of Toronto Health Unit, Ontario",3595-G,102,65,,,
1,Manitoba,46,103,1,,11,
1,"Winnipeg Regional Health Authority, Manitoba",4610-A,104,103,,,
1,"Brandon Regional Health Authority, Manitoba",4615-A,105,103,,,
1,"North Eastman Regional Health Authority, Manitoba",4620-E,106,103,,,
1,"South Eastman Regional Health Authority, Manitoba",4625-E,107,103,,,
1,"Interlake Regional Health Authority, Manitoba",4630-E,108,103,,,
1,"Central Regional Health Authority, Manitoba",4640-D,109,103,,,
1,"Assiniboine Regional Health Authority, Manitoba",4645-D,110,103,,,
1,"Parkland Regional Health Authority, Manitoba",4660-D,111,103,,,
1,"Norman Regional Health Authority, Manitoba",4670-H,112,103,,,
1,"Burntwood/Churchill, Manitoba",4685-F,113,103,,12,
1,Saskatchewan,47,116,1,,11,
1,"Sun Country Regional Health Authority, Saskatchewan",4701-D,117,116,,,
1,"Five Hills Regional Health Authority, Saskatchewan",4702-D,118,116,,,
1,"Cypress Regional Health Authority, Saskatchewan",4703-D,119,116,,,
1,"Regina Qu'Appelle Regional Health Authority, Saskatchewan",4704-A,120,116,,,
1,"Sunrise Regional Health Authority, Saskatchewan",4705-D,121,116,,,
1,"Saskatoon Regional Health Authority, Saskatchewan",4706-A,122,116,,,
1,"Heartland Regional Health Authority, Saskatchewan",4707-D,123,116,,,
1,"Kelsey Trail Regional Health Authority, Saskatchewan",4708-D,124,116,,,
1,"Prince Albert Parkland Regional Health Authority, Saskatchewan",4709-C,125,116,,,
1,"Prairie North Regional Health Authority, Saskatchewan",4710-H,126,116,,,
1,"Mamawetan/Keewatin/Athabasca, Saskatchewan",4714-F,127,116,,13,
1,Alberta,48,131,1,,11,
1,"Chinook Regional Health Authority, Alberta",4820-E,132,131,,,
1,"Palliser Health Region, Alberta",4821-E,133,131,,,
1,"Calgary Health Region, Alberta",4822-B,134,131,,,
1,"David Thompson Regional Health Authority, Alberta",4823-E,135,131,,,
1,"East Central Health, Alberta",4824-E,136,131,,,
1,"Capital Health, Alberta",4825-B,137,131,,,
1,"Aspen Regional Health Authority, Alberta",4826-E,138,131,,,
1,"Peace Country Health, Alberta",4827-E,139,131,,,
1,"Northern Lights Health Region, Alberta",4828-H,140,131,,,
1,"British Columbia",59,141,1,,,
1,"East Kootenay Health Service Delivery Area, British Columbia",5911-E,142,141,,,
1,"Kootenay-Boundary Health Service Delivery Area, British Columbia",5912-C,143,141,,,
1,"Okanagan Health Service Delivery Area, British Columbia",5913-A,144,141,,,
1,"Thompson/Cariboo Health Service Delivery Area, British Columbia",5914-C,145,141,,,
1,"Fraser East Health Service Delivery Area, British Columbia",5921-A,146,141,,,
1,"Fraser North Health Service Delivery Area, British Columbia",5922-B,147,141,,,
1,"Fraser South Health Service Delivery Area, British Columbia",5923-B,148,141,,,
1,"Richmond Health Service Delivery Area, British Columbia",5931-B,149,141,,,
1,"Vancouver Health Service Delivery Area, British Columbia",5932-G,150,141,,,
1,"North Shore/Coast Garibaldi Health Service Delivery Area, British Columbia",5933-B,151,141,,,
1,"South Vancouver Island Health Service Delivery Area, British Columbia",5941-A,152,141,,,
1,"Central Vancouver Island Health Service Delivery Area, British Columbia",5942-A,153,141,,,
1,"North Vancouver Island Health Service Delivery Area, British Columbia",5943-C,154,141,,,
1,"Northwest Health Service Delivery Area, British Columbia",5951-H,155,141,,,
1,"Northern Interior Health Service Delivery Area, British Columbia",5952-H,156,141,,,
1,"Northeast Health Service Delivery Area, British Columbia",5953-H,157,141,,,
1,Yukon,60,158,1,,,
1,Yukon,6001-H,159,158,,,
1,"Northwest Territories",61,160,1,,,
1,"Northwest Territories",6101-H,161,160,,,
1,Nunavut,62,162,1,,,
1,Nunavut,6201-F,163,162,,,
1,"Peer group A",A,164,1,,,
1,"Peer group B",B,165,1,,,
1,"Peer group C",C,166,1,,,
1,"Peer group D",D,167,1,,,
1,"Peer group E",E,168,1,,,
1,"Peer group F",F,169,1,,,
1,"Peer group G",G,170,1,,,
1,"Peer group H",H,171,1,,,
1,"Peer group I",I,172,1,,,
2,"Total, 12 years and over",,1,,,,
2,"12 to 19 years",,2,1,,,
2,"12 to 14 years",,3,2,,,
2,"15 to 19 years",,4,2,,,
2,"20 to 34 years",,5,1,,,
2,"20 to 24 years",,6,5,,,
2,"25 to 34 years",,7,5,,,
2,"35 to 44 years",,8,1,,,
2,"45 to 64 years",,9,1,,,
2,"45 to 54 years",,10,9,,,
2,"55 to 64 years",,11,9,,,
2,"65 years and over",,12,1,,,
2,"65 to 74 years",,13,12,,,
2,"75 years and over",,14,12,,,
3,"Both sexes",,1,,,,
3,Males,,2,1,,,
3,Females,,3,1,,,
4,"Total population for the variable asthma",,1,,,,
4,"With asthma",,2,1,,,
4,"Without asthma",,3,1,,,
4,"Asthma, not stated",,4,1,,,
5,"Number of persons",,1,,,,
5,"Low 95% confidence interval, number of persons",,2,,,,
5,"High 95% confidence interval, number of persons",,3,,,,
5,"Coefficient of variation for number of persons",,4,,,,
5,Percent,,5,,,,
5,"Low 95% confidence interval, percent",,6,,,,
5,"High 95% confidence interval, percent",,7,,,,
5,"Coefficient of variation for percent",,8,,,,

Symbol Legend
Description,Symbol
"not available for a specific reference period",..
"less than the limit of detection",<LOD
"value rounded to 0 (zero) where there is a meaningful distinction between true zero and the value that was rounded",0s
"data quality: excellent",A
"data quality: very good",B
"data quality: good",C
"data quality: acceptable",D
"use with caution",E
"too unreliable to be published.",F
"not applicable",...
preliminary,p
revised,r
"suppressed to meet the confidentiality requirements of the Statistics Act",x
terminated,t

"Survey Code","Survey Name"
3226,"Canadian Community Health Survey - Annual Component"

"Subject Code","Subject Name"
13,Health

"Note ID",Note
1,"Source: Statistics Canada, Canadian Community Health Survey, 2003"
2,"Population aged 12 and over who report that they have been diagnosed by a health professional as having asthma."
3,"When comparing estimates, it is important to use confidence intervals to determine if differences between values are statistically significant. Confidence intervals describe sampling variability and give an indication of the precision of a given estimate. Bootstrapping techniques were used to produce the coefficient of variation (CV) and 95% confidence intervals (CIs)."
4,"Data with a coefficient of variation (CV) from 16.6% to 33.3% are identified as follows: (E) use with caution."
5,"Data with a coefficient of variation (CV) greater than 33.3% were suppressed due to extreme sampling variability and are identified as follows: (F) too unreliable to be published."
6,"Health regions are defined by the provincial ministries of health. These are legislated administrative areas in all provinces except Nova Scotia. In Nova Scotia, the Ministry of Health uses statistical zones rather than its legislated administrative areas; the zones are aggregations of the nine district health authorities."
7,"For complete Canadian coverage, each of the northern territories also represents a health region."
8,"The health regions presented in this table are based on boundaries and names in effect as of June 2003."
9,"A ""peer group"" is a grouping of health regions that have similar social and economic characteristics. The nine peer groups are identified by the letters A through I, which are appended to the health region 4-digit code."
10,"In Ontario, Public Health Units (PHU) administer health promotion and disease prevention programs, and District Health Councils (DHC) are advisory, health planning organizations."
11,"In Manitoba, Saskatchewan and Alberta, health regions are referred to as Health Authorities (HA) or Regional Health Authorities (RHA)."
12,"To avoid data suppression, northern regions in Manitoba have been grouped with neighbouring regions, as follows: Churchill Regional Health Authority (4690) is combined with Burntwood Regional Health Authority (4680) and referred to as Burntwood/Churchill (4685)."
13,"To avoid data suppression, northern regions in Saskatchewan have been grouped with neighbouring regions, as follows: Athabasca Health Authority (4713) is combined with Mamawetan Churchill River Regional Health Authority (4711) and Keewatin Yatthé Regional Health Authority (4712) and referred to as Mamawetan/Keewatin/Athabasca (4714)."
14,"The following standard symbols are used in this Statistics Canada table: (..) for figures not available for a specific reference period and (...) for figures not applicable."
15,"The CANSIM table 105-0201 is an update of CANSIM table 105-0001. The CANSIM table 105-0201 was archived due to a change in geography. More recent data are in CANSIM table 105-0401."

"Correction ID","Correction Date","Correction Note"

