﻿"Cube Title","Product Id","CANSIM Id",URL,"Cube Notes","Archive Status",Frequency,"Start Reference Period","End Reference Period","Total number of dimensions"
"Asthma, by age group and sex, household population aged 12 and over, Canada, provinces, territories, health regions (June 2005 boundaries) and peer groups",13100640,105-0401,"https://www150.statcan.gc.ca/t1/tbl1/en/tv.action?pid=1310064001",1,"ARCHIVED -  a cube publicly available but no longer being updated","Every 2 years",2005-01-01,2005-01-01,5

"Dimension ID","Dimension name","Dimension Notes","Dimension Definitions"
1,Geography,2;3,
2,"Age group",,
3,Sex,,
4,Asthma,10,
5,Characteristics,11;12;13;14,

"Dimension ID","Member Name","Classification Code","Member ID","Parent Member ID",Terminated,"Member Notes","Member Definitions"
1,Canada,0,1,,,,
1,"Newfoundland and Labrador",10,2,1,,,
1,"Eastern Regional Integrated Health Authority, Newfoundland and Labrador",1011-C,3,2,,,
1,"Central Regional Integrated Health Authority, Newfoundland and Labrador",1012-I,4,2,,,
1,"Western Regional Integrated Health Authority, Newfoundland and Labrador",1013-I,5,2,,,
1,"Labrador-Grenfell Regional Integrated Health Authority, Newfoundland and Labrador",1014-H,6,2,,,
1,"Prince Edward Island",11,7,1,,,
1,"West Prince, Prince Edward Island",1101-I,8,7,,,
1,"East Prince, Prince Edward Island",1102-C,9,7,,,
1,"Queens, Prince Edward Island",1103-A,10,7,,,
1,"Kings, Prince Edward Island",1104-D,11,7,,,
1,"Nova Scotia",12,12,1,,4,
1,"Zone 1, Nova Scotia",1201-C,13,12,,,
1,"Zone 2, Nova Scotia",1202-C,14,12,,,
1,"Zone 3, Nova Scotia",1203-C,15,12,,,
1,"Zone 4, Nova Scotia",1204-C,16,12,,,
1,"Zone 5, Nova Scotia",1205-I,17,12,,,
1,"Zone 6, Nova Scotia",1206-A,18,12,,,
1,"New Brunswick",13,29,1,,,
1,"Region 1, New Brunswick",1301-C,30,29,,,
1,"Region 2, New Brunswick",1302-C,31,29,,,
1,"Region 3, New Brunswick",1303-C,32,29,,,
1,"Region 4, New Brunswick",1304-C,33,29,,,
1,"Region 5, New Brunswick",1305-I,34,29,,,
1,"Region 6, New Brunswick",1306-I,35,29,,,
1,"Region 7, New Brunswick",1307-I,36,29,,,
1,Quebec,24,37,1,,5,
1,"Région du Bas-Saint-Laurent, Quebec",2401-C,38,37,,,
1,"Région du Saguenay - Lac-Saint-Jean, Quebec",2402-C,39,37,,,
1,"Région de la Capitale Nationale, Quebec",2403-A,40,37,,,
1,"Région de la Mauricie et du Centre-du-Québec, Quebec",2404-C,41,37,,,
1,"Région de l'Estrie, Quebec",2405-C,42,37,,,
1,"Région de Montréal, Quebec",2406-G,43,37,,,
1,"Région de l'Outaouais, Quebec",2407-A,44,37,,,
1,"Région de l'Abitibi-Témiscamingue, Quebec",2408-C,45,37,,,
1,"Région de la Côte-Nord, Quebec",2409-H,46,37,,,
1,"Région du Nord-du-Québec, Quebec",2410-H,47,37,,,
1,"Région de la Gaspésie - Îles-de-la-Madeleine, Quebec",2411-I,48,37,,,
1,"Région de la Chaudière-Appalaches, Quebec",2412-E,49,37,,,
1,"Région de Laval, Quebec",2413-A,50,37,,,
1,"Région de Lanaudière, Quebec",2414-E,51,37,,,
1,"Région des Laurentides, Quebec",2415-E,52,37,,,
1,"Région de la Montérégie, Quebec",2416-A,53,37,,,
1,"Ontario by Local Health Integration Network",35,56,1,,6,
1,"Erie St. Clair Health Integration Network, Ontario",3501,57,56,,,
1,"South West Health Integration Network, Ontario",3502,58,56,,,
1,"Waterloo Wellington Health Integration Network, Ontario",3503,59,56,,,
1,"Hamilton Niagara Haldimand Brant Health Integration Network, Ontario",3504,60,56,,,
1,"Central West Health Integration Network, Ontario",3505,61,56,,,
1,"Mississauga Halton Health Integration Network, Ontario",3506,62,56,,,
1,"Toronto Central Health Integration Network, Ontario",3507,63,56,,,
1,"Central Health Integration Network, Ontario",3508,64,56,,,
1,"Central East Health Integration Network, Ontario",3509,65,56,,,
1,"South East Health Integration Network, Ontario",3510,66,56,,,
1,"Champlain Health Integration Network, Ontario",3511,67,56,,,
1,"North Simcoe Muskoka Health Integration Network, Ontario",3512,68,56,,,
1,"North East Health Integration Network, Ontario",3513,69,56,,,
1,"North West Health Integration Network, Ontario",3514,70,56,,,
1,"Ontario by Health Unit",35,71,1,,6,
1,"District of Algoma Health Unit, Ontario",3526-C,72,71,,,
1,"Brant County Health Unit, Ontario",3527-A,73,71,,,
1,"Durham Regional Health Unit, Ontario",3530-B,74,71,,,
1,"Elgin-St Thomas Health Unit, Ontario",3531-E,75,71,,,
1,"Grey Bruce Health Unit, Ontario",3533-E,76,71,,,
1,"Haldimand-Norfolk Health Unit, Ontario",3534-E,77,71,,,
1,"Haliburton, Kawartha, Pine Ridge District Health Unit, Ontario",3535-E,78,71,,,
1,"Halton Regional Health Unit, Ontario",3536-B,79,71,,,
1,"City of Hamilton Health Unit, Ontario",3537-A,80,71,,,
1,"Hastings and Prince Edward Counties Health Unit, Ontario",3538-A,81,71,,,
1,"Huron County Health Unit, Ontario",3539-E,82,71,,,
1,"Chatham-Kent Health Unit, Ontario",3540-A,83,71,,,
1,"Kingston, Frontenac and Lennox and Addington Health Unit, Ontario",3541-A,84,71,,,
1,"Lambton Health Unit, Ontario",3542-A,85,71,,,
1,"Leeds, Grenville and Lanark District Health Unit, Ontario",3543-E,86,71,,,
1,"Middlesex-London Health Unit, Ontario",3544-A,87,71,,,
1,"Niagara Regional Area Health Unit, Ontario",3546-A,88,71,,,
1,"North Bay Parry Sound District Health Unit, Ontario",3547-C,89,71,,,
1,"Northwestern Health Unit, Ontario",3549-H,90,71,,,
1,"City of Ottawa Health Unit, Ontario",3551-B,91,71,,,
1,"Oxford County Health Unit, Ontario",3552-E,92,71,,,
1,"Peel Regional Health Unit, Ontario",3553-B,93,71,,,
1,"Perth District Health Unit, Ontario",3554-E,94,71,,,
1,"Peterborough County-City Health Unit, Ontario",3555-A,95,71,,,
1,"Porcupine Health Unit, Ontario",3556-H,96,71,,,
1,"Renfrew County and District Health Unit, Ontario",3557-E,97,71,,,
1,"Eastern Ontario Health Unit, Ontario",3558-E,98,71,,,
1,"Simcoe Muskoka District Health Unit, Ontario",3560-E,99,71,,,
1,"Sudbury and District Health Unit, Ontario",3561-C,100,71,,,
1,"Thunder Bay District Health Unit, Ontario",3562-C,101,71,,,
1,"Timiskaming Health Unit, Ontario",3563-C,102,71,,,
1,"Waterloo Health Unit, Ontario",3565-B,103,71,,,
1,"Wellington-Dufferin-Guelph Health Unit, Ontario",3566-B,104,71,,,
1,"Windsor-Essex County Health Unit, Ontario",3568-B,105,71,,,
1,"York Regional Health Unit, Ontario",3570-B,106,71,,,
1,"City of Toronto Health Unit, Ontario",3595-G,107,71,,,
1,Manitoba,46,108,1,,7,
1,"Winnipeg Regional Health Authority, Manitoba",4610-A,109,108,,,
1,"Brandon Regional Health Authority, Manitoba",4615-A,110,108,,,
1,"North Eastman Regional Health Authority, Manitoba",4620-E,111,108,,,
1,"South Eastman Regional Health Authority, Manitoba",4625-E,112,108,,,
1,"Interlake Regional Health Authority, Manitoba",4630-E,113,108,,,
1,"Central Regional Health Authority, Manitoba",4640-D,114,108,,,
1,"Assiniboine Regional Health Authority, Manitoba",4645-D,115,108,,,
1,"Parkland Regional Health Authority, Manitoba",4660-D,116,108,,,
1,"Norman Regional Health Authority, Manitoba",4670-H,117,108,,,
1,"Burntwood/Churchill, Manitoba",4685-F,118,108,,8,
1,Saskatchewan,47,121,1,,7,
1,"Sun Country Regional Health Authority, Saskatchewan",4701-D,122,121,,,
1,"Five Hills Regional Health Authority, Saskatchewan",4702-D,123,121,,,
1,"Cypress Regional Health Authority, Saskatchewan",4703-D,124,121,,,
1,"Regina Qu'Appelle Regional Health Authority, Saskatchewan",4704-A,125,121,,,
1,"Sunrise Regional Health Authority, Saskatchewan",4705-D,126,121,,,
1,"Saskatoon Regional Health Authority, Saskatchewan",4706-A,127,121,,,
1,"Heartland Regional Health Authority, Saskatchewan",4707-D,128,121,,,
1,"Kelsey Trail Regional Health Authority, Saskatchewan",4708-D,129,121,,,
1,"Prince Albert Parkland Regional Health Authority, Saskatchewan",4709-C,130,121,,,
1,"Prairie North Regional Health Authority, Saskatchewan",4710-H,131,121,,,
1,"Mamawetan/Keewatin/Athabasca, Saskatchewan",4714-F,132,121,,9,
1,Alberta,48,136,1,,7,
1,"Chinook Regional Health Authority, Alberta",4820-E,137,136,,,
1,"Palliser Health Region, Alberta",4821-E,138,136,,,
1,"Calgary Health Region, Alberta",4822-B,139,136,,,
1,"David Thompson Regional Health Authority, Alberta",4823-E,140,136,,,
1,"East Central Health, Alberta",4824-E,141,136,,,
1,"Capital Health, Alberta",4825-B,142,136,,,
1,"Aspen Regional Health Authority, Alberta",4826-E,143,136,,,
1,"Peace Country Health, Alberta",4827-E,144,136,,,
1,"Northern Lights Health Region, Alberta",4828-H,145,136,,,
1,"British Columbia",59,146,1,,,
1,"East Kootenay Health Service Delivery Area, British Columbia",5911-E,147,146,,,
1,"Kootenay-Boundary Health Service Delivery Area, British Columbia",5912-C,148,146,,,
1,"Okanagan Health Service Delivery Area, British Columbia",5913-A,149,146,,,
1,"Thompson/Cariboo Health Service Delivery Area, British Columbia",5914-C,150,146,,,
1,"Fraser East Health Service Delivery Area, British Columbia",5921-A,151,146,,,
1,"Fraser North Health Service Delivery Area, British Columbia",5922-B,152,146,,,
1,"Fraser South Health Service Delivery Area, British Columbia",5923-B,153,146,,,
1,"Richmond Health Service Delivery Area, British Columbia",5931-B,154,146,,,
1,"Vancouver Health Service Delivery Area, British Columbia",5932-G,155,146,,,
1,"North Shore/Coast Garibaldi Health Service Delivery Area, British Columbia",5933-B,156,146,,,
1,"South Vancouver Island Health Service Delivery Area, British Columbia",5941-A,157,146,,,
1,"Central Vancouver Island Health Service Delivery Area, British Columbia",5942-A,158,146,,,
1,"North Vancouver Island Health Service Delivery Area, British Columbia",5943-C,159,146,,,
1,"Northwest Health Service Delivery Area, British Columbia",5951-H,160,146,,,
1,"Northern Interior Health Service Delivery Area, British Columbia",5952-H,161,146,,,
1,"Northeast Health Service Delivery Area, British Columbia",5953-H,162,146,,,
1,Yukon,60,163,1,,,
1,Yukon,6001-H,164,163,,,
1,"Northwest Territories",61,165,1,,,
1,"Northwest Territories",6101-H,166,165,,,
1,Nunavut,62,167,1,,,
1,Nunavut,6201-F,168,167,,,
1,"Peer group A",A,169,1,,,
1,"Peer group B",B,170,1,,,
1,"Peer group C",C,171,1,,,
1,"Peer group D",D,172,1,,,
1,"Peer group E",E,173,1,,,
1,"Peer group F",F,174,1,,,
1,"Peer group G",G,175,1,,,
1,"Peer group H",H,176,1,,,
1,"Peer group I",I,177,1,,,
2,"Total, 12 years and over",,1,,,,
2,"12 to 19 years",,2,1,,,
2,"12 to 14 years",,3,2,,,
2,"15 to 19 years",,4,2,,,
2,"20 to 34 years",,5,1,,,
2,"20 to 24 years",,6,5,,,
2,"25 to 34 years",,7,5,,,
2,"35 to 44 years",,8,1,,,
2,"45 to 64 years",,9,1,,,
2,"45 to 54 years",,10,9,,,
2,"55 to 64 years",,11,9,,,
2,"65 years and over",,12,1,,,
2,"65 to 74 years",,13,12,,,
2,"75 years and over",,14,12,,,
3,"Both sexes",,1,,,,
3,Males,,2,1,,,
3,Females,,3,1,,,
4,"Total population for the variable asthma",,1,,,,
4,"With asthma",,2,1,,,
4,"Without asthma",,3,1,,,
4,"Asthma, not stated",,4,1,,,
5,"Number of persons",,1,,,,
5,"Low 95% confidence interval, number of persons",,2,,,,
5,"High 95% confidence interval, number of persons",,3,,,,
5,"Coefficient of variation for number of persons",,4,,,,
5,Percent,,5,,,,
5,"Low 95% confidence interval, percent",,6,,,,
5,"High 95% confidence interval, percent",,7,,,,
5,"Coefficient of variation for percent",,8,,,,

Symbol Legend
Description,Symbol
"not available for a specific reference period",..
"less than the limit of detection",<LOD
"value rounded to 0 (zero) where there is a meaningful distinction between true zero and the value that was rounded",0s
"data quality: excellent",A
"data quality: very good",B
"data quality: good",C
"data quality: acceptable",D
"use with caution",E
"too unreliable to be published.",F
"not applicable",...
preliminary,p
revised,r
"suppressed to meet the confidentiality requirements of the Statistics Act",x
terminated,t

"Survey Code","Survey Name"
3226,"Canadian Community Health Survey - Annual Component"

"Subject Code","Subject Name"
13,Health

"Note ID",Note
1,"Source: Statistics Canada, Canadian Community Health Survey (CCHS 3.1), 2005. The CANSIM table 105-0401 was an update of CANSIM table 105-0201. More current data are in CANSIM tables 105-0501 and 105-0502."
2,"Health regions are defined by the provincial ministries of health. These are legislated administrative areas in all provinces. The health regions presented in this table are based on boundaries and names in effect as of June 2005. For complete Canadian coverage, each of the northern territories also represents a health region."
3,"A ""peer group"" is a grouping of health regions that have similar social and economic characteristics. The nine peer groups are identified by the letters A through I, which are appended to the health region 4-digit code."
4,"In Nova Scotia, zones are aggregations of the nine district health authorities."
5,"No data available for ""Région du Nunavik"" and ""Région des Terres-Cries-de-la-Baie-James""."
6,"In Ontario, Public Health Units (PHU) administer health promotion and disease prevention programs. Local Health Integration Networks (LHIN) are responsible for planning, funding and administering health care programs and services across the province. Data are provided for both levels of geography. Because health units were the principal areas of interest at the time the Canadian Community Health Survey (CCHS) Cycle 3.1 sample was designed, the ability of the survey to provide data by LHIN is limited. As a result, only rates estimates (percents) are available for LHINs in Cycle 3.1."
7,"In Manitoba, Saskatchewan and Alberta, health regions are referred to as Health Authorities (HA) or Regional Health Authorities (RHA)."
8,"To avoid data suppression, northern regions in Manitoba have been grouped with neighbouring regions, as follows: Churchill Regional Health Authority (4690) is combined with Burntwood Regional Health Authority (4680) and referred to as Burntwood/Churchill (4685)."
9,"To avoid data suppression, northern regions in Saskatchewan have been grouped with neighbouring regions, as follows: Athabasca Health Authority (4713) is combined with Mamawetan Churchill River Regional Health Authority (4711) and Keewatin Yatthé Regional Health Authority (4712) and referred to as Mamawetan/Keewatin/Athabasca (4714)."
10,"Population aged 12 and over who report that they have been diagnosed by a health professional as having asthma."
11,"When comparing estimates, it is important to use confidence intervals to determine if differences between values are statistically significant. Confidence intervals describe sampling variability and give an indication of the precision of a given estimate."
12,"Bootstrapping techniques were used to produce the coefficient of variation (CV) and 95% confidence intervals (CIs)."
13,"Data with a coefficient of variation (CV) from 16.6% to 33.3% are identified as follows: (E) use with caution."
14,"Data with a coefficient of variation (CV) greater than 33.3% were suppressed due to extreme sampling variability and are identified as follows: (F) too unreliable to be published."

"Correction ID","Correction Date","Correction Note"

