﻿"Cube Title","Product Id","CANSIM Id",URL,"Cube Notes","Archive Status",Frequency,"Start Reference Period","End Reference Period","Total number of dimensions"
"Health behaviour in school-aged children 2002, student response to question: Have you had any of these asthma-related health problems?",13100266,110-0080,"https://www150.statcan.gc.ca/t1/tbl1/en/tv.action?pid=1310026601",,"ARCHIVED -  a cube publicly available but no longer being updated","Every 4 years",2002-01-01,2002-01-01,5

"Dimension ID","Dimension name","Dimension Notes","Dimension Definitions"
1,Geography,,
2,Sex,,
3,"Age group",,
4,"Asthma related health problems",,
5,"Student response",,

"Dimension ID","Member Name","Classification Code","Member ID","Parent Member ID",Terminated,"Member Notes","Member Definitions"
1,Canada,,1,,,,
2,Males,,1,,,,
2,Females,,2,,,,
3,"11 years",,1,,,,
3,"13 years",,2,,,,
3,"15 years",,3,,,,
4,"Has a doctor ever told you that you have asthma",,1,,,,
4,"In the last 12 months, have you ever had episodes of wheezing (whistling in the chest)",,2,,,,
4,"In the last 12 months, did you wheeze or cough during or after a sport or active play",,3,,,,
4,"In the last 12 months, other than a cold, have you had a dry cough at night",,4,,,,
4,"In the last 12 months, have you been to a doctor, an emergency room or a hospital for wheezing",,5,,,,
5,Yes,,1,,,,
5,No,,2,,,,
5,"Don't know",,3,,,,

Symbol Legend
Description,Symbol
"not available for a specific reference period",..
"less than the limit of detection",<LOD
"value rounded to 0 (zero) where there is a meaningful distinction between true zero and the value that was rounded",0s
"data quality: excellent",A
"data quality: very good",B
"data quality: good",C
"data quality: acceptable",D
"use with caution",E
"too unreliable to be published.",F
"not applicable",...
preliminary,p
revised,r
"suppressed to meet the confidentiality requirements of the Statistics Act",x
terminated,t

"Survey Code","Survey Name"
7509,"Public Health Agency of Canada"

"Subject Code","Subject Name"
13,Health

"Note ID",Note

"Correction ID","Correction Date","Correction Note"

